{
  "version": 1,
  "author": "Anonymous maker",
  "editor": "wokwi",
  "parts": [
    {
      "type": "wokwi-esp32-devkit-v1",
      "id": "esp",
      "top": 0,
      "left": 0,
      "attrs": { "builder": "esp-idf" }
    },
    { "type": "wokwi-hc-sr04", "id": "ultrasonic1", "top": -75.3, "left": 111.1, "attrs": {} }
  ],
  "connections": [
    [ "esp:TX0", "$serialMonitor:RX", "", [] ],
    [ "esp:RX0", "$serialMonitor:TX", "", [] ],
    [ "ultrasonic1:GND", "esp:GND.1", "black", [ "v0" ] ],
    [ "ultrasonic1:ECHO", "esp:D4", "green", [ "v0" ] ],
    [ "ultrasonic1:TRIG", "esp:D2", "green", [ "v0" ] ],
    [ "ultrasonic1:VCC", "esp:3V3", "red", [ "v0" ] ]
  ],
  "dependencies": {}
}